ID	Barcode	TotalGeneReads	GeneReads	Molecules	Genes	MitochondrialReads	TotalFeatureReads	FeatureMolecules	Features	TotalGene+FeatureReads	Gene+FeatureMolecules	Genes+Features	Filter
1	AAACAAACAAACACAAACACCAAGGTAC	1	1	1	1	0	0	0	0	1	1	1	LOW
2	AAACAAACAAACACAAACACTGGTGTCT	223	144	105	100	7	0	0	0	223	105	100	LOW
3	AAACAAACAAACACAAACCGACCACAGA	1	0	0	0	0	0	0	0	1	0	0	LOW
4	AAACAAACAAACACAAACCGGGAGGTTT	1	1	1	1	0	0	0	0	1	1	1	LOW
5	AAACAAACAAACACAAACCGGGTTACAC	1	1	1	1	0	0	0	0	1	1	1	LOW
6	AAACAAACAAACACAAACCGTGGAAAGC	1	0	0	0	0	0	0	0	1	0	0	LOW
7	AAACAAACAAACACAAACCGTGGGAATT	165	108	74	73	10	0	0	0	165	74	73	LOW
8	AAACAAACAAACACAAACTCGTCAGGTT	1	1	1	1	0	0	0	0	1	1	1	LOW
9	AAACAAACAAACACAAAGACACTAATTG	1	1	1	1	0	0	0	0	1	1	1	LOW
